(Do Not Modify) Timeslot Template Details,(Do Not Modify) Row Checksum,(Do Not Modify) Modified On,Name,Arrival Start,Arrival End,Timeslot Template,Created On
08ecff08-2eac-ea11-a814-000d3a591f2e,kaJE95mEnXCci8NKav3GBAkGSMY6VFvFVR+HBfdyuz9PEZGSt4p+FpattxiHHQFmeI9oME1e1e9Axd3rtUia0A==,6/11/2020 21:54,1,6/11/2020 8:00,6/11/2020 8:15,15 Minutes,6/11/2020 14:54
78ecff08-2eac-ea11-a814-000d3a591f2e,yFb3P+Iz8blKE2SQ9kiRZktli7ZmcoRa3KDHhYnrHHpqeNKgwwFMkLs8d1QHfI/TMS4lM+ClJ3zxG/AmE+4udA==,6/11/2020 21:54,1,6/11/2020 8:00,6/11/2020 8:30,30 Minutes,6/11/2020 14:54
b0ecff08-2eac-ea11-a814-000d3a591f2e,uyBc2Mp1V6bwVKNyt9C+lJGJDXdEP5Wd2F06eW5HmPqxaMMXDsPL+kOCN4dBwpohx0CLLdJsneB/yTFt2op8EA==,6/11/2020 21:54,1,6/11/2020 8:00,6/11/2020 8:45,45 Minutes,6/11/2020 14:54
5c672172-0bac-ea11-a812-000d3a5a1cf8,vywM5c30O3pDZmolKMPwE2Hha/6QpbzU0sRCQ+hJiwpzTcoVPbM4rtnt7Q46nai7c3MlRKuzLKETQBi9a7zX1Q==,6/11/2020 17:46,1,6/11/2020 8:00,6/11/2020 9:00,60 Minutes,6/11/2020 10:46
1aecff08-2eac-ea11-a814-000d3a591f2e,TGe0CWPheUmxjOxhq+W9iTLf6V5svnDYQiKCDvG2uSdTqlbV0YbusjV5bg2gdJlG/nbokmq686GWK7YyOgj0wA==,6/11/2020 21:54,10,6/11/2020 10:15,6/11/2020 10:30,15 Minutes,6/11/2020 14:54
8aecff08-2eac-ea11-a814-000d3a591f2e,gXx9OFYaVznkrFF3C/hE4yoROiXfj6mHEe5PeP987efmGmTl1+8x06Gr6ueHjCx6zgO8q3MMehgZgKMk7WPddA==,6/11/2020 21:54,10,6/11/2020 12:30,6/11/2020 13:00,30 Minutes,6/11/2020 14:54
c2ecff08-2eac-ea11-a814-000d3a591f2e,xzKQKbz4bIRVA6FyDfD67KYZHWWpMdWFIPgsQYvX1K8w+2a9cAe+D5ue/7uw0NbMHhX6gOydB87gWtSnFSVzcA==,6/11/2020 21:54,10,6/11/2020 14:45,6/11/2020 15:30,45 Minutes,6/11/2020 14:54
77e8c6dc-0eac-ea11-a812-000d3a5a1cf8,PWSzknxi9wPK1znsAogm48LKNLE/LWMgFyCX1nsyiPwHGXPneAvWlqzhRaQL2oQ7Z04T7emXLkC0Bv0wNsb2FA==,6/11/2020 18:11,10,6/11/2020 17:00,6/11/2020 18:00,60 Minutes,6/11/2020 11:10
1cecff08-2eac-ea11-a814-000d3a591f2e,mKwjpS2rlWBRSbeYaz2/n0SPwyllBzoSN/XTCl3TtB20e8m/ukRDmzGJIsb++I2HyQReTDh0Qcm3oSWdr/Ttug==,6/11/2020 21:54,11,6/11/2020 10:30,6/11/2020 10:45,15 Minutes,6/11/2020 14:54
8cecff08-2eac-ea11-a814-000d3a591f2e,vlCayXL81+/W/4qPGGgQAAkEGvsDQni3BmQz++YQHugFAxlIXsEbWYHWZ3QeJbM2uccpQSrO4U/8JNIlHmrSJw==,6/11/2020 21:54,11,6/11/2020 13:00,6/11/2020 13:30,30 Minutes,6/11/2020 14:54
c4ecff08-2eac-ea11-a814-000d3a591f2e,aPfKN01tSzU9AjwgJ/++QBvQSVONc/ervheOMbmaSMKmej0grgq24rd8wQNJSz5S0bcz8LAnuNOrz7a1G8CBfg==,6/11/2020 21:54,11,6/11/2020 15:30,6/11/2020 16:15,45 Minutes,6/11/2020 14:54
b6f96ee9-0eac-ea11-a812-000d3a5a1cf8,/+eBcGTaQ/QID/UeakJsv/BDfHoNBZV/LDe7BeySFVP/OjyALWwe2f3oDJaIPvqTgENm/Nkj7NLduNBaSZyFYA==,6/11/2020 18:11,11,6/11/2020 18:00,6/11/2020 19:00,60 Minutes,6/11/2020 11:11
1eecff08-2eac-ea11-a814-000d3a591f2e,c2gTuFo/hs2kh0RL+RGWw97srO4jhM+zIyAdmEG2cXF/ImEZsDGXeLYNgQkl8W8Mi3e5ZpUjSJn922VEyX0YYw==,6/11/2020 21:54,12,6/11/2020 10:45,6/11/2020 11:00,15 Minutes,6/11/2020 14:54
8eecff08-2eac-ea11-a814-000d3a591f2e,KWj3TdOmMOc6EUEvUFEYaG19c4xghbKahKnO1+HyBZkiczYDmCvWYRaAIIIFEVn9zU2388UgKLQVbXJEeZt0eQ==,6/11/2020 21:54,12,6/11/2020 13:30,6/11/2020 14:00,30 Minutes,6/11/2020 14:54
c6ecff08-2eac-ea11-a814-000d3a591f2e,0vxs9LhmDkeFGx8k9YK8ih/LsM7Z5xeisUvH3K9FjKF/AYOylb9KmKRv2TTd9wHLMh7IwlXjkWTBnDYW7pq+0g==,6/11/2020 21:54,12,6/11/2020 16:15,6/11/2020 17:00,45 Minutes,6/11/2020 14:54
015825f6-0eac-ea11-a812-000d3a5a1cf8,Mo58+nz5mD/vTU+D2uusJJC7ddgYTj7W5l3hX4AeHToTlPmihBONpkeAxgdqeDQvN9TnmuihKSPD6ARQuTRqPg==,6/11/2020 18:12,12,6/11/2020 19:00,6/11/2020 20:00,60 Minutes,6/11/2020 11:11
20ecff08-2eac-ea11-a814-000d3a591f2e,6vQLXL7Tu4jzPEWP/ih5ZEStZcYv65wvgf3pkJNSkyMJHHC2i0xZ1hBlbife3X/3YYZL2kbqhqSpwOnZQdtkaQ==,6/11/2020 21:54,13,6/11/2020 11:00,6/11/2020 11:15,15 Minutes,6/11/2020 14:54
90ecff08-2eac-ea11-a814-000d3a591f2e,VnBGz9JG9dguSbopkTx2/sm6j4PVNfb3/B9izq56a2W072Z8o/x38P8/wJ/R9C9NvkrRUFenkVBnZ/HBpamsxw==,6/11/2020 21:54,13,6/11/2020 14:00,6/11/2020 14:30,30 Minutes,6/11/2020 14:54
c8ecff08-2eac-ea11-a814-000d3a591f2e,I2mOuKnTLQG84DvDehukorKxIwzfkKm+1d9TbVzam7JkZuWrXXayWLahu/yMzkHCVnMLdYPvp8ia3ANkeyujaQ==,6/11/2020 21:54,13,6/11/2020 17:00,6/11/2020 17:45,45 Minutes,6/11/2020 14:54
8a11a61e-0fac-ea11-a812-000d3a5a1cf8,W4+r8udNtjN9ldPuLapaPxUE7CH0tkfUwR6rg1Kfyyz0F1vyBo+cZSh3AI1Dwiyn24ledStxDvvdnjk2rca+6Q==,6/11/2020 18:12,13,6/11/2020 20:00,6/11/2020 21:00,60 Minutes,6/11/2020 11:12
22ecff08-2eac-ea11-a814-000d3a591f2e,tyvwb614jWYU2W9BSvml220XaCF5aOo6MGkhpbnP5xUOh0u0+RUFJSas4HMZX9PWGKGSc1Oi1hfRgoEbNGjPrA==,6/11/2020 21:54,14,6/11/2020 11:15,6/11/2020 11:30,15 Minutes,6/11/2020 14:54
92ecff08-2eac-ea11-a814-000d3a591f2e,V+gy36W29eKr6PZ9xaBHvaSMyssjiNlDaOku16BwPQWh+Gg1RkuKLUo0ngffedoKejJTMVnrUFXpY/mynGe/Dg==,6/11/2020 21:54,14,6/11/2020 14:30,6/11/2020 15:00,30 Minutes,6/11/2020 14:54
caecff08-2eac-ea11-a814-000d3a591f2e,js6V1Me6bu1HfkmVbKycrJvP2bb+Cihm34TOhK5tCoI8X5Jg/CetIKAVbwS+aw/pbZ2zyuiy8FhvDdEF4miUFA==,6/11/2020 21:54,14,6/11/2020 17:45,6/11/2020 18:30,45 Minutes,6/11/2020 14:54
f641a72a-0fac-ea11-a812-000d3a5a1cf8,YZYtlUSH18sa30ym2xFjc9CMd1g+JZKysqw6UTgjOAEp77EDy7JYYPdj28WkkymaZdRy6K5Y6tGap4DM7hkJiA==,6/11/2020 18:13,14,6/11/2020 21:00,6/11/2020 22:00,60 Minutes,6/11/2020 11:13
24ecff08-2eac-ea11-a814-000d3a591f2e,nmAiuzvvHwN1pshAPMvWhxdJ+S3sT6HWxe0Hfc1bjK1EJ0Gb0lcLINxa1bpzOM8SiFKc4uGCYX6p3kQ6vkkn/g==,6/11/2020 21:54,15,6/11/2020 11:30,6/11/2020 11:45,15 Minutes,6/11/2020 14:54
94ecff08-2eac-ea11-a814-000d3a591f2e,HDuH5TetG6ajPx0Wny3ShNod781wVOzF/5aMzyO8+V8mRTFiwhPROs0CSLjgXJCXxbBtRD5EepBsVY9azfro3Q==,6/11/2020 21:54,15,6/11/2020 15:00,6/11/2020 15:30,30 Minutes,6/11/2020 14:54
ccecff08-2eac-ea11-a814-000d3a591f2e,cHm2678nuAnMPPFgF+t6hNrgsHp6E/YlheEyMcH7r9R0P1DV/xRXuAgBryIzvKpmLqAwAUGLmqxr61qUiYTPbQ==,6/11/2020 21:54,15,6/11/2020 18:30,6/11/2020 19:15,45 Minutes,6/11/2020 14:54
26ecff08-2eac-ea11-a814-000d3a591f2e,5CFySvLvFokJQF9oCjAYIWR4rI/+jbj6x2yNAgaMyCXAjz4Rpi2LSd8olsmwB+QNTPVI7J2fsh5pClbMh7qwuQ==,6/11/2020 21:54,16,6/11/2020 11:45,6/11/2020 12:00,15 Minutes,6/11/2020 14:54
96ecff08-2eac-ea11-a814-000d3a591f2e,mCN+XVkjE74jnIdVaD4iUxlZ87ti60L0HG6GSmCxvgbmNUAANkO1Yj7FYqpDSZwsQ0rdGk2sv3ZhSGe8i4Ou1A==,6/11/2020 21:54,16,6/11/2020 15:30,6/11/2020 16:00,30 Minutes,6/11/2020 14:54
ceecff08-2eac-ea11-a814-000d3a591f2e,y3Zb6wHRBqyj9Jh4ksRxlsuEdeQgGm/30PQGxvKcmcVL9sUU+siMlYri1br6c7kuKnaD52md2a2d3tpDOdcYwA==,6/11/2020 21:54,16,6/11/2020 19:15,6/11/2020 20:00,45 Minutes,6/11/2020 14:54
28ecff08-2eac-ea11-a814-000d3a591f2e,BIHOUi1gKL2EXzc5jOO6l4Jxbpog8gOpDRga+caMrsd2VPVoZz1fvQh6zFmM9SaPzdSplRtE6aGrIDzFEfz7eg==,6/11/2020 21:54,17,6/11/2020 12:00,6/11/2020 12:15,15 Minutes,6/11/2020 14:54
98ecff08-2eac-ea11-a814-000d3a591f2e,5hnQIOpzfJGHHUFVju3jhvn4UwaBFsvEFZcZI2sy6EqAPsAUAp+NIJN+nmSAHI1e3NKuSmujrWsgyfEJbdDQWQ==,6/11/2020 21:54,17,6/11/2020 16:00,6/11/2020 16:30,30 Minutes,6/11/2020 14:54
d0ecff08-2eac-ea11-a814-000d3a591f2e,y0F5C5liZDrCShLw8VOzDTIzV7ZWMJd7PRfXjnjjTZgLMi0dblN5MZRlW2R+3zzCf7PjbO9BF6sq6hbfSEIJOw==,6/11/2020 21:54,17,6/11/2020 20:00,6/11/2020 20:45,45 Minutes,6/11/2020 14:54
2aecff08-2eac-ea11-a814-000d3a591f2e,25kQjgq2Ix5QOb4zNY+mjp0le12TlR1/rEsWtgc5MacAjZA8+6g7s2aYJ5nxiAa/cdtRwgeqVrEJp7cCA/xzSQ==,6/11/2020 21:54,18,6/11/2020 12:15,6/11/2020 12:30,15 Minutes,6/11/2020 14:54
9aecff08-2eac-ea11-a814-000d3a591f2e,9n82Apg1rnln4mspDlNYJRepWlX8wBkxVx9qQ8dTSo4lS1JOGjWhooEj+R1i5k89iKmritLtkaKoJn+Nd//D7Q==,6/11/2020 21:54,18,6/11/2020 16:30,6/11/2020 17:00,30 Minutes,6/11/2020 14:54
d2ecff08-2eac-ea11-a814-000d3a591f2e,1kW+Hro9qullWRymVMgArNK/EEg2to/cCi73LpfLJzbOhc3visgyqYRpDuHPCzPLZ0rHfqoYMG64kgzVOudojQ==,6/11/2020 21:54,18,6/11/2020 20:45,6/11/2020 21:30,45 Minutes,6/11/2020 14:54
2cecff08-2eac-ea11-a814-000d3a591f2e,LJGlN7O0+AZwfbtfIBkgsqM6oXYl4qzNm+EbxmYeKwga7FK6k7EfXgnfTRq9sierf/Whtejk8LpXsVddXRp/vg==,6/11/2020 21:54,19,6/11/2020 12:30,6/11/2020 12:45,15 Minutes,6/11/2020 14:54
9cecff08-2eac-ea11-a814-000d3a591f2e,SFA5PKGBoN2fx27dmki/Zv0d+pRo6pgvRhD5JsdyjIctH4hvzfvZk3Se4S36wN65SphBADM3C8Aeq2OIH22Xwg==,6/11/2020 21:54,19,6/11/2020 17:00,6/11/2020 17:30,30 Minutes,6/11/2020 14:54
d4ecff08-2eac-ea11-a814-000d3a591f2e,4KiCC/nWmwsO/cWrCiwN6PgJDRIutfJgH6U2/BYlbfdwFjp3pqJQ/dMSMRB5GXoEC649j3tXDIJRWJyNg54xYA==,6/11/2020 21:54,19,6/11/2020 21:30,6/11/2020 22:00,45 Minutes,6/11/2020 14:54
0aecff08-2eac-ea11-a814-000d3a591f2e,VWHzYGZfqnlZgV+qO2wbf3/EkP9x9zYLMJMYCkCkcb2tX5c82mY+et+1CASYf8SSebgnv6sJWpUuvSHrP9pJpQ==,6/11/2020 21:54,2,6/11/2020 8:15,6/11/2020 8:30,15 Minutes,6/11/2020 14:54
7aecff08-2eac-ea11-a814-000d3a591f2e,hMRbC6DGuTfmVcZf5XOxVr0z09cJifA+JeL+h+srhfIZqAl44aW+R8ITbKCtmYJREYP9Ptj9kNJiWRxBbIHcNQ==,6/11/2020 21:54,2,6/11/2020 8:30,6/11/2020 9:00,30 Minutes,6/11/2020 14:54
b2ecff08-2eac-ea11-a814-000d3a591f2e,xBryjMmZPvAe74jY3tNWffrEEY1p5CxOjo4VqHIiawrN9CE/4M08YkJr1ivNv2svgb81Rvyl0iYBknM9hVMUpQ==,6/11/2020 21:54,2,6/11/2020 8:45,6/11/2020 9:30,45 Minutes,6/11/2020 14:54
436c607e-0bac-ea11-a812-000d3a5a1cf8,LPuA2J2dxRsIv0vAEyZwRUgK8CGTkLYtMKJfd0W5/fc5zACuXb2EdDF2qTNAFAyoS4FUOUw3Nx7N6RSar9MUjw==,6/11/2020 17:46,2,6/11/2020 9:00,6/11/2020 10:00,60 Minutes,6/11/2020 10:46
2eecff08-2eac-ea11-a814-000d3a591f2e,VdzxYHjVLv5kw9ayfD+oVFfBQ3G7X0YeqfJm5uroTVcSc7lemnqXb6x/4BTf0x/1K/YHSykfWO+w0sfd7Ljyrw==,6/11/2020 21:54,20,6/11/2020 12:45,6/11/2020 13:00,15 Minutes,6/11/2020 14:54
9eecff08-2eac-ea11-a814-000d3a591f2e,O7PyZ7gHcZzOr1f4W1wc/KxRMmqrsIJxeGOlUi2vW0nEpGz1IbC/7aSoK9pR3Wq1IEk4p+lBgyQdiFMyQyjdig==,6/11/2020 21:54,20,6/11/2020 17:30,6/11/2020 18:00,30 Minutes,6/11/2020 14:54
30ecff08-2eac-ea11-a814-000d3a591f2e,klrc6+C2M1Alc+YqeYPkavGRJJvoLq84B4e0txJ69mZON8Z3nh0ozYn+fHcBKk/O8lJPi8JcoYNNf+j5qsxEUQ==,6/11/2020 21:54,21,6/11/2020 13:00,6/11/2020 13:15,15 Minutes,6/11/2020 14:54
a0ecff08-2eac-ea11-a814-000d3a591f2e,w+fbh0F2IlB5uaFK3lGuuvdwGYeHIQugaoYHMdKZK574GcaKtHReHb68XOz+VrRndDjX9gHZt973awqnoKOMNg==,6/11/2020 21:54,21,6/11/2020 18:00,6/11/2020 18:30,30 Minutes,6/11/2020 14:54
32ecff08-2eac-ea11-a814-000d3a591f2e,N9qyW/z10qwjYKqFRJICBc/kvXtRQHLVJnd+vUWlk2rrUMHY/rugTi6YSZgJgSQz2OR4wuctwRnSt1Cv820sqw==,6/11/2020 21:54,22,6/11/2020 13:15,6/11/2020 13:30,15 Minutes,6/11/2020 14:54
a2ecff08-2eac-ea11-a814-000d3a591f2e,7HE2fyMNCsk1jlRLaP9nPsPgttaua/7SFKK/90RRQFv7u95NvJw8WQN86mhQjsrB0ssoebrvo0JVKPV0gJuZVQ==,6/11/2020 21:54,22,6/11/2020 18:30,6/11/2020 19:00,30 Minutes,6/11/2020 14:54
34ecff08-2eac-ea11-a814-000d3a591f2e,5UHr789PPvD/6uNenq7P7foxKMcP7GDJMLxC7dZ/3JJ5Lhbxm/AisEBz6MbbwOwtfs0orKX0fE9vhizzZKNjVw==,6/11/2020 21:54,23,6/11/2020 13:30,6/11/2020 13:45,15 Minutes,6/11/2020 14:54
a4ecff08-2eac-ea11-a814-000d3a591f2e,b9hFYH91WnmxKL2ZsPnIhlEj6AzaRvCM9jnuR1cxZRGnDcTBko06MBo6FIyWcjyAMHk/VCiU0VGq+370SKGDAg==,6/11/2020 21:54,23,6/11/2020 19:00,6/11/2020 19:30,30 Minutes,6/11/2020 14:54
36ecff08-2eac-ea11-a814-000d3a591f2e,Cdlnntfi/D3V+OLFRgqcj0aR4rTB/rx79OzxDT1jAwOTEmq0ESHe8xSiTDZ4Mz5JjXJJWQVrZOTA1QIbNpIBWw==,6/11/2020 21:54,24,6/11/2020 13:45,6/11/2020 14:00,15 Minutes,6/11/2020 14:54
a6ecff08-2eac-ea11-a814-000d3a591f2e,f+MamXL7qW/HcFTCeBLzbki7I5046LMmykauu6bQjowOrzJ91wwgpPBXGzc12oFzI6ADl4sKJAdA9Y6CHpta2A==,6/11/2020 21:54,24,6/11/2020 19:30,6/11/2020 20:00,30 Minutes,6/11/2020 14:54
38ecff08-2eac-ea11-a814-000d3a591f2e,Wc158+7DnWE5Pt9lc7DFmrc9L5qGHif942hOXVP/6+CAFEQuKkjdeo/Avx33yeJ0q9SSPjCc7SePv/umGEoyBA==,6/11/2020 21:54,25,6/11/2020 14:00,6/11/2020 14:15,15 Minutes,6/11/2020 14:54
a8ecff08-2eac-ea11-a814-000d3a591f2e,VTcRbUiTcgSL2+ufz5E5+bf1t40LCHFps29+zL7IXrKLu7y8b45iykgJtcl+PuwVqsK6jk+9zKkKh4daZMpbUg==,6/11/2020 21:54,25,6/11/2020 20:00,6/11/2020 20:30,30 Minutes,6/11/2020 14:54
3aecff08-2eac-ea11-a814-000d3a591f2e,2Oy0Q5N4Ge9wlGYtmSk3YAtzIc4bk3Xh/mbpwRqyjnnX/BFg4PTrFZsXj2GNUEzpnxxt97xAQ4+O7Qi2vohYhg==,6/11/2020 21:54,26,6/11/2020 14:15,6/11/2020 14:30,15 Minutes,6/11/2020 14:54
aaecff08-2eac-ea11-a814-000d3a591f2e,8ioaOyuVOzK8AlTYtcygUa9Q+FhMyLG41gYNpop/VIMiO3Z22Nwqmky5UV5yj/J91CRA+QEyzePgV6DD5XyJZA==,6/11/2020 21:54,26,6/11/2020 20:30,6/11/2020 21:00,30 Minutes,6/11/2020 14:54
3cecff08-2eac-ea11-a814-000d3a591f2e,N7iRe+wUd88qd0lGlQntAX74FdH2m0wINN0oqPbV3q4d0W/fnLu9jW96MVh1GHH0+HCrjNtAkLGideECfXPqcQ==,6/11/2020 21:54,27,6/11/2020 14:30,6/11/2020 14:45,15 Minutes,6/11/2020 14:54
acecff08-2eac-ea11-a814-000d3a591f2e,BI8slvAfdknK9jMvKwg+dktIsIbmrRb+knleUcc5Q25h09CYY4yCo+SfQEAKpJXXkp/ejaqQQAKf6c9yT9+FoQ==,6/11/2020 21:54,27,6/11/2020 21:00,6/11/2020 21:30,30 Minutes,6/11/2020 14:54
3eecff08-2eac-ea11-a814-000d3a591f2e,XQa//MjC1WnucdNLa6nvE2oWQhXXchuJtiGKl77r9gG65EGO0MiaQWJqArZ1aPXUgjElqoK2H01TcBJomrjH2w==,6/11/2020 21:54,28,6/11/2020 14:45,6/11/2020 15:00,15 Minutes,6/11/2020 14:54
aeecff08-2eac-ea11-a814-000d3a591f2e,uWBpXhwBdI+s2MsBTCSi1r4Wu3DPXgTofRHFG2AcI7BuJcHGkhgAUVZVK7AVMGPmo9N5Tc7/ywaBm1Zmw48Ceg==,6/11/2020 21:54,28,6/11/2020 21:30,6/11/2020 22:00,30 Minutes,6/11/2020 14:54
40ecff08-2eac-ea11-a814-000d3a591f2e,VqRwV6O2PqFI/D4XVfn+bzWtBjfpcMk/op7XXd12o42YGXrSoOBNuc/LFE0GuVIfskyitOoCWupaBgzI9wgYBg==,6/11/2020 21:54,29,6/11/2020 15:00,6/11/2020 15:15,15 Minutes,6/11/2020 14:54
0cecff08-2eac-ea11-a814-000d3a591f2e,g+94Sf2M6LFttYZVc1paxFcJuAiVUGWZljcWBlbhCOhFeiArF3X6XP5rbGn8yx728jUJdn0omj+keV1/vhLGTw==,6/11/2020 21:54,3,6/11/2020 8:30,6/11/2020 8:45,15 Minutes,6/11/2020 14:54
7cecff08-2eac-ea11-a814-000d3a591f2e,RwQE9sZlzB0yMminG3FEivxEQzoySsfs6O6jSqyYA6oPo9SvhGuSvARfdvCPAdNn0pQKl3o5wP3OA6pOHxUIjg==,6/11/2020 21:54,3,6/11/2020 9:00,6/11/2020 9:30,30 Minutes,6/11/2020 14:54
b4ecff08-2eac-ea11-a814-000d3a591f2e,sAO3PWF2e1UdEGWzwfdm02Rp7vzQcwkKnOC+Z+GVbQ+HngYVi9c/tMO11rsk0SoMLIKPK8UyACdgzqgxzX1MGA==,6/11/2020 21:54,3,6/11/2020 9:30,6/11/2020 10:15,45 Minutes,6/11/2020 14:54
4f6cb78a-0bac-ea11-a812-000d3a5a1cf8,R+k9g5QqlS74MGCLv7TCVv7VG9Azm9VssJ7V92xvAEVsHSXTNbWdi51O9LFyzSV3c1JrfOcwfyzjFeGY9edkKg==,6/11/2020 17:47,3,6/11/2020 10:00,6/11/2020 11:00,60 Minutes,6/11/2020 10:47
42ecff08-2eac-ea11-a814-000d3a591f2e,1osj8d8QZflzXBKjgjsni5tUJ1+KlY6lEPiBz4RCquDZCJvT0yRCYDqaaG+mzZ7zsNVEwAu8qRaBIydjq7imJw==,6/11/2020 21:54,30,6/11/2020 15:15,6/11/2020 15:30,15 Minutes,6/11/2020 14:54
44ecff08-2eac-ea11-a814-000d3a591f2e,GA2WWZgsj8DFUBHXljUA58y6o6G3CE51ncEKMbi58tunPW521w0/iSkU3PMevGRtAc68AW4j6skHSO8hV0wC3Q==,6/11/2020 21:54,31,6/11/2020 15:30,6/11/2020 15:45,15 Minutes,6/11/2020 14:54
46ecff08-2eac-ea11-a814-000d3a591f2e,Ri+s34Rwg6J8uQt9ew/JO7F3RyH/3ymlDqH+h+GeTYyC86JiIUStCneeFIEyS20dkse7AepW56Rk/O8BmBbhlw==,6/11/2020 21:54,32,6/11/2020 15:45,6/11/2020 16:00,15 Minutes,6/11/2020 14:54
48ecff08-2eac-ea11-a814-000d3a591f2e,N9AuFBTKzhkd7yWbq1A1qtcQD3MkBiasDHjW6j3TLLtvYfuTAUNng6oKFlfsK+wmB62rp/RR4UJq6dLv9GqdjQ==,6/11/2020 21:54,33,6/11/2020 16:00,6/11/2020 16:15,15 Minutes,6/11/2020 14:54
4aecff08-2eac-ea11-a814-000d3a591f2e,tWjGHNRMjTXUatd0+QEBz/uowjKLA10Vb1MYo+LE3JH2hbmcntcdy2TYSDfcwIaD05dciOmezqLO6q/j42SkAg==,6/11/2020 21:54,34,6/11/2020 16:15,6/11/2020 16:30,15 Minutes,6/11/2020 14:54
4cecff08-2eac-ea11-a814-000d3a591f2e,QB/BIzP/ZRrs7DcdgltL/F4l1pxIfy9IBwIr5HybQe+D3YAIAU92RaE9xZhjUSAJ/TD30UUiP2ONR8nbEzAtYw==,6/11/2020 21:54,35,6/11/2020 16:30,6/11/2020 16:45,15 Minutes,6/11/2020 14:54
4eecff08-2eac-ea11-a814-000d3a591f2e,RvR43uB31+2nadnGwRVMxvwDXgCBkPnF4dSIeTfnZcRDTrESLrVHHSwCw3HuEH7gTDZkLrpOvbcfiEd3Vv5YQA==,6/11/2020 21:54,36,6/11/2020 16:45,6/11/2020 17:00,15 Minutes,6/11/2020 14:54
50ecff08-2eac-ea11-a814-000d3a591f2e,fsnHbAOO5LSfXVbujGRpI2iZ2MtI3vQ5L3SsCdoOX8fbr5uXK+g3m0OiJNhvK1SZeIJO3If3Zc8yT/rN55SnYQ==,6/11/2020 21:54,37,6/11/2020 17:00,6/11/2020 17:15,15 Minutes,6/11/2020 14:54
52ecff08-2eac-ea11-a814-000d3a591f2e,4kruckPApK/MbM7h5lKugxgydMWqvInLtlgYmXh+HdNekbJGX0yrox/7JnXmyk/yn8jlQnsW2uOREcFdVKeVWw==,6/11/2020 21:54,38,6/11/2020 17:15,6/11/2020 17:30,15 Minutes,6/11/2020 14:54
54ecff08-2eac-ea11-a814-000d3a591f2e,vjUO5MbyYnd7Aeoxn6EUAQIvRcQGbRPbbUXEoG1MbO3zZmDsLpwVDZCWvHrrEVvDhN+S9dqyd27XdXSuCtozfA==,6/11/2020 21:54,39,6/11/2020 17:30,6/11/2020 17:45,15 Minutes,6/11/2020 14:54
0eecff08-2eac-ea11-a814-000d3a591f2e,Q25I5G9PAzu/mfh4L3hrDfHrYQIcHbq9LErwfbix/Ei5KIvL6cUU4LP3TN2h3UEgRtV/hLxJu/MIW1OYlYnCTg==,6/11/2020 21:54,4,6/11/2020 8:45,6/11/2020 9:00,15 Minutes,6/11/2020 14:54
7eecff08-2eac-ea11-a814-000d3a591f2e,BQ8yCIpE6+XqjNWzMf2mV9vJvNdP1rYgMQLbBPi6l8haSWM/lUnnK16Auwv2KxzFf/tDmzitVwhYDjNtrv4Mwg==,6/11/2020 21:54,4,6/11/2020 9:30,6/11/2020 10:00,30 Minutes,6/11/2020 14:54
b6ecff08-2eac-ea11-a814-000d3a591f2e,5xbSdt/c3RHRkI+1plomKSz9G8S0Pc4IriYvS1XiEEh2ydodCU47gs7zbqccUPG8o4Fi29wYjvsWC98psYl/iw==,6/11/2020 21:54,4,6/11/2020 10:15,6/11/2020 11:00,45 Minutes,6/11/2020 14:54
14565897-0bac-ea11-a812-000d3a5a1cf8,yFkgSDcQNPGdll0jVQWx9qQkqozzWBVeSQ3pkEzFIJvDOvQSATGRFJoPzWWnY+vX11WGi4Y6oeSLov0E7YsdZg==,6/11/2020 17:47,4,6/11/2020 11:00,6/11/2020 12:00,60 Minutes,6/11/2020 10:47
56ecff08-2eac-ea11-a814-000d3a591f2e,Ezx/EEYsFEUZLGYV2budLTMTJ4v+eprnCZ3v18/NuoLMwl+adh+0UHb90u9H7z4yJE0kKND0IpvdqZYyIoQK8Q==,6/11/2020 21:54,40,6/11/2020 17:45,6/11/2020 18:00,15 Minutes,6/11/2020 14:54
58ecff08-2eac-ea11-a814-000d3a591f2e,3S7EBsLsDREo+UtZuMyxNLj0ermibhuU/h9PmKY6SUFi0weTmJO7rjZvTa8/wxraVMznFWKKy5R8Am12QqEwHw==,6/11/2020 21:54,41,6/11/2020 18:00,6/11/2020 18:15,15 Minutes,6/11/2020 14:54
5aecff08-2eac-ea11-a814-000d3a591f2e,0B/cpj3iKuCbOoqwL9+sADoIdH0U28+YbR4tu/W5QO6Lgc1GgY3+IqBNktR3IyDLBZbwsSA8wWZ1uOyCWAZ2HQ==,6/11/2020 21:54,42,6/11/2020 18:15,6/11/2020 18:30,15 Minutes,6/11/2020 14:54
5cecff08-2eac-ea11-a814-000d3a591f2e,EeCH9qp9QyEm4iZgUbJ/EKvhomdMvkgF3XQO69OBINzbMtw6Ovg17TtjZZwM8dHd/+iSG7csEWpksBxO8F7c2A==,6/11/2020 21:54,43,6/11/2020 18:30,6/11/2020 18:45,15 Minutes,6/11/2020 14:54
5eecff08-2eac-ea11-a814-000d3a591f2e,ODVLcdwhht1yoTY6IiSNt6kcgHamvdX5DqHh9lPMLGjCL5f+QbyAGy7qJxCh3V7TcGyaLVYwFtMXi+1rDKwzLw==,6/11/2020 21:54,44,6/11/2020 18:45,6/11/2020 19:00,15 Minutes,6/11/2020 14:54
60ecff08-2eac-ea11-a814-000d3a591f2e,xF3cxl+YbXC4Xv+Mzi46idM0I/s84/AmBgsPys+q5zVrK0pYgYYXDkFCeO9ATIxy9Np1PqOAr8ih/ozs2wMElA==,6/11/2020 21:54,45,6/11/2020 19:00,6/11/2020 19:15,15 Minutes,6/11/2020 14:54
62ecff08-2eac-ea11-a814-000d3a591f2e,nadCPiX2zpyF63cmoB04PESUovaTzjYxwfmir0NQPHapLDTee2MTUDXFDCFq2ylPAVgXN+h1Iwzfhdj4CUVpIQ==,6/11/2020 21:54,46,6/11/2020 19:15,6/11/2020 19:30,15 Minutes,6/11/2020 14:54
64ecff08-2eac-ea11-a814-000d3a591f2e,6gqyAMFA6LoYtR5PqMIS6JkNIktQZf8tF7uK947UJiMxg0NS7xGW5BBxx0FMk5LgwAwrmpasqO7mFGDu4FL+tw==,6/11/2020 21:54,47,6/11/2020 19:30,6/11/2020 19:45,15 Minutes,6/11/2020 14:54
66ecff08-2eac-ea11-a814-000d3a591f2e,29vNER7v8u4+xQF+eA460rTyWutkJkVXhQp48d6EiB9WpNK0KVZz1/ETvHX9cRtz8INoemgVR4vaR8b9DUzH2A==,6/11/2020 21:54,48,6/11/2020 19:45,6/11/2020 20:00,15 Minutes,6/11/2020 14:54
68ecff08-2eac-ea11-a814-000d3a591f2e,cU5IYyvsB4/PVkvKOgLe3S00++621T0v3UENFsBpNpxCYCGJ5Nny/ScA4xE1NrM+D1wvzWnl6nLmnNYjysn5VQ==,6/11/2020 21:54,49,6/11/2020 20:00,6/11/2020 20:15,15 Minutes,6/11/2020 14:54
10ecff08-2eac-ea11-a814-000d3a591f2e,zH3Vecf0gCpXHJnlq80c79I2fE4677u7q4bTzpqxn84lqAJhocJzoo+S7n5CBhiOxMyTTGQEkhAlaL3ZcnWX0A==,6/11/2020 21:54,5,6/11/2020 9:00,6/11/2020 9:15,15 Minutes,6/11/2020 14:54
80ecff08-2eac-ea11-a814-000d3a591f2e,RuGy5me6NX+zSk8enl23wzp1Y2NABGhczhRXYH5dpabN0+f9UyEeP/vn6FYFC91VrxyYDVEGvmanIU5Sfs2xOQ==,6/11/2020 21:54,5,6/11/2020 10:00,6/11/2020 10:30,30 Minutes,6/11/2020 14:54
b8ecff08-2eac-ea11-a814-000d3a591f2e,CHydWg6crUCG8BZwezYI3yes4RZOAPI+N4ybYL6zQ9x/jUx84t9Lrj0CyvLyAkRWrdkF4pP3lEV4fs4I5rXS5Q==,6/11/2020 21:54,5,6/11/2020 11:00,6/11/2020 11:45,45 Minutes,6/11/2020 14:54
bd4234aa-0bac-ea11-a812-000d3a5a1cf8,Kl3Um+cs8JSUQip+9EFQaAhXoeH2rEWAXEZLhgYKbn4ZIOjdwoJGDyrjsYXMi7XCXKGMTf2xQ2yzt6AmR71oWQ==,6/11/2020 17:47,5,6/11/2020 12:00,6/11/2020 13:00,60 Minutes,6/11/2020 10:47
6aecff08-2eac-ea11-a814-000d3a591f2e,cuqXkg9lWxgmNjXCmtikUiGfKj8Ub6qwXwGJVZ/U57CU6Zz/64J9poLdzo9V7N53pTktsMnq9WgN1O1erTrsVQ==,6/11/2020 21:54,50,6/11/2020 20:15,6/11/2020 20:30,15 Minutes,6/11/2020 14:54
6cecff08-2eac-ea11-a814-000d3a591f2e,q0UAzPCfNuhHmMAT+0Knsa67w4WsC7hP0j4WjT8FtP7b+UkgRzHz8EXdulaySDnb6Tc65wKRzwwnCa3EKV6Vpg==,6/11/2020 21:54,51,6/11/2020 20:30,6/11/2020 20:45,15 Minutes,6/11/2020 14:54
6eecff08-2eac-ea11-a814-000d3a591f2e,KzI6OvKuujnTbJVJLHt1QPOyu9j8Rpk76hWfXmD9e6WqpcoLz3nnlphEZK0L1uRf+NF0lzMzdbhVfjpcQvVY6Q==,6/11/2020 21:54,52,6/11/2020 20:45,6/11/2020 21:00,15 Minutes,6/11/2020 14:54
70ecff08-2eac-ea11-a814-000d3a591f2e,hRUIKI/hNwjgZ3qDz84L21gYad11mYssi5c0uNGEuYFHqtogjdVH+p0sXW/Dq66KA8sqSGjksjbj1q1diaRikg==,6/11/2020 21:54,53,6/11/2020 21:00,6/11/2020 21:15,15 Minutes,6/11/2020 14:54
72ecff08-2eac-ea11-a814-000d3a591f2e,/w0ozNhHV/nKDN1ioydFwVGR1HKw7olaylBIGsQxKANLd6j2FlKttwlky00HcaGeRN/kvJ2VPiZNj5QUivY8pQ==,6/11/2020 21:54,54,6/11/2020 21:15,6/11/2020 21:30,15 Minutes,6/11/2020 14:54
74ecff08-2eac-ea11-a814-000d3a591f2e,aVLlQZCQ6bOBC8Rna2NdkMrDj/+UD3s2Jj5TOO+OyUHY0Q1IJK8hO0DioHv6ekhFPADJIkV2xDTItRNiDuv7Eg==,6/11/2020 21:54,55,6/11/2020 21:30,6/11/2020 21:45,15 Minutes,6/11/2020 14:54
76ecff08-2eac-ea11-a814-000d3a591f2e,A34kSYRami+2mKf6jhZju7vwdaMuobtBvQrzC/Lwbr6VYi4waOIyE4C3ZWkxIgZayXvyYFgxG0KR2ohudVRzog==,6/11/2020 21:54,56,6/11/2020 21:45,6/11/2020 22:00,15 Minutes,6/11/2020 14:54
12ecff08-2eac-ea11-a814-000d3a591f2e,8Ft1pCIfWjlfl+SwxHiBcizn6PBSmAmZ2pZS9RULxtaXHiKDAa6MthGTuVTUzCqXy6e8oY/tVOpvrTy/Mdcz+w==,6/11/2020 21:54,6,6/11/2020 9:15,6/11/2020 9:30,15 Minutes,6/11/2020 14:54
82ecff08-2eac-ea11-a814-000d3a591f2e,Ppfucb9yBViBs8BdgIjQky7oPuBx0sNJZqDT/eXsTeFa1rOgBTKFAHdyLaihI6aEVrREhLmnUpMvz8uv0U+VhA==,6/11/2020 21:54,6,6/11/2020 10:30,6/11/2020 11:00,30 Minutes,6/11/2020 14:54
baecff08-2eac-ea11-a814-000d3a591f2e,HW/tMXQQk4abXQ9dXoHAjdAYIPmiV00rinTIKIxu6aoGEeTv32kU9kqeuX2SXKlAZTabymcJ65nfXvOxdqoc9Q==,6/11/2020 21:54,6,6/11/2020 11:45,6/11/2020 12:30,45 Minutes,6/11/2020 14:54
a606cbc4-0bac-ea11-a812-000d3a5a1cf8,3kVgxU6j6+SrzJkZ6/nKgoF7k1ZY1rkkbJyYha2lAG60y+GFiMm+HrQyjwnl9D4ezfh40mPf+s9dWW8xZjIDLw==,6/11/2020 17:48,6,6/11/2020 13:00,6/11/2020 14:00,60 Minutes,6/11/2020 10:48
14ecff08-2eac-ea11-a814-000d3a591f2e,3/n+pf3mwBE6lBrYFMcYKZi6rF8rSIiQ1eQ5DFG4TbEKgX/LjX6jzxIjUhgTJQSFKtjLpiQkPytHzVrFg9A3Ew==,6/11/2020 21:54,7,6/11/2020 9:30,6/11/2020 9:45,15 Minutes,6/11/2020 14:54
84ecff08-2eac-ea11-a814-000d3a591f2e,bmmpfZLtGnI4rm5PtC/UhQb05z6aT+o1JCRPbhu/mjHl+h4xVmjAJJEBD2YcxNKYxkeRmTtLhca97HjcZdk6Dg==,6/11/2020 21:54,7,6/11/2020 11:00,6/11/2020 11:30,30 Minutes,6/11/2020 14:54
bcecff08-2eac-ea11-a814-000d3a591f2e,iBI5Mz895JtxIq+BoToPRSeiWeFEXSZVg2Cu+ex1OWBjAkVnplKp9aPK+qJOYTPhPhntHjZvypR9SqAs+KnGWg==,6/11/2020 21:54,7,6/11/2020 12:30,6/11/2020 13:15,45 Minutes,6/11/2020 14:54
9d67b1b6-0bac-ea11-a812-000d3a5a1cf8,bhPN1uB277rhwm/x3s66iDKMLM17+3TQ2o1Q3hagOj98nQM5iDeBNiiarH6q1BAzz+V/GcoOJZkNAALbBEWbpg==,6/11/2020 17:48,7,6/11/2020 14:00,6/11/2020 15:00,60 Minutes,6/11/2020 10:48
16ecff08-2eac-ea11-a814-000d3a591f2e,VEbvryVvbWNYusmL84P7Os+W0cvzeurd0rMj4Akwr1ZK0Y3KyXsJj3H/Xq5xpDg09V+lWdyl8sW0HOMjnBuCZg==,6/11/2020 21:54,8,6/11/2020 9:45,6/11/2020 10:00,15 Minutes,6/11/2020 14:54
86ecff08-2eac-ea11-a814-000d3a591f2e,UcHZ0fTppumEzZoIGyYzgnhI331K9h4UCIu1AeGkorVlLjvlnK7JY9TOJhKI5sbA/uLaTa0/HhMLDBBg/oaLmg==,6/11/2020 21:54,8,6/11/2020 11:30,6/11/2020 12:00,30 Minutes,6/11/2020 14:54
beecff08-2eac-ea11-a814-000d3a591f2e,Tr84OMCo8py4LglcLfa9NTPlztPeC0tEvKvJsFkgCuk/lKuGaWM+fXM5OId2p5ou/mB8DCncjJBIjTjLAWyOTw==,6/11/2020 21:54,8,6/11/2020 13:15,6/11/2020 14:00,45 Minutes,6/11/2020 14:54
e217c0cc-0bac-ea11-a812-000d3a5a1cf8,hIWib/V/acYkpiYoeFQa9k0hczv62cTqjDVrFb8Itq9NjIDHm9bdNZQm4dzR+auBNqi50VHVuHw3CQkqLJhCeA==,6/11/2020 17:48,8,6/11/2020 15:00,6/11/2020 16:00,60 Minutes,6/11/2020 10:48
18ecff08-2eac-ea11-a814-000d3a591f2e,faaCMy4kb4FdlGHUWYJLd7c6QWWuOTMvZzGO67uyUhl3PPh6CdokS0tG7LgYddUBVIFyKECmzQ/ppvn0umIvDQ==,6/11/2020 21:54,9,6/11/2020 10:00,6/11/2020 10:15,15 Minutes,6/11/2020 14:54
88ecff08-2eac-ea11-a814-000d3a591f2e,0eDLZ3jpyWp4nCzR+JNMXWgX2+ceIu0oyW5gGNWzpP9IVUO16yFy6Fi9qdNd61u6h/I61efsbwJCNsIrFu96DQ==,6/11/2020 21:54,9,6/11/2020 12:00,6/11/2020 12:30,30 Minutes,6/11/2020 14:54
c0ecff08-2eac-ea11-a814-000d3a591f2e,3Y1KMh/8u8qONxB/lAQ1asemEYkxZfv9Iih/I5ZMi/vtGUbKuLpinpjP61CGdnzhY4r00WStt+a8rLG4wMfgJw==,6/11/2020 21:54,9,6/11/2020 14:00,6/11/2020 14:45,45 Minutes,6/11/2020 14:54
cafaa8de-0bac-ea11-a812-000d3a5a1cf8,mRtUFZLyq6ux5Fp5u5rwir9hL37kFTcosouIaaFc01nDuPBhikoGPSh0MfNl0+f+AtiB9MfLi3h0i+NlnH6bbg==,6/11/2020 18:01,9,6/11/2020 16:00,6/11/2020 17:00,60 Minutes,6/11/2020 10:49
